Language Code,Language Name,Target Countries,URL Path,Primary Keyword,H1 Heading,Section ID,Target Keyword,H2 Heading
en,English,"United States, United Kingdom, Canada, Australia, Global",/,emoji copy and paste,😍 Emoji Copy and Paste: Online iOS Emoji Keyboard 👍🔥,search,search emojis,🔍 Search for Any Emoji Quickly
en,English,"United States, United Kingdom, Canada, Australia, Global",/,emoji copy and paste,😍 Emoji Copy and Paste: Online iOS Emoji Keyboard 👍🔥,popular,popular emojis,💯 Most Popular Emojis
en,English,"United States, United Kingdom, Canada, Australia, Global",/,emoji copy and paste,😍 Emoji Copy and Paste: Online iOS Emoji Keyboard 👍🔥,smileys-emotions,faces and emotions emojis,😀 Faces and Emotions Emojis
en,English,"United States, United Kingdom, Canada, Australia, Global",/,emoji copy and paste,😍 Emoji Copy and Paste: Online iOS Emoji Keyboard 👍🔥,hearts-love,heart emojis meanings,❤️ Heart Emojis: Meanings & All Colors
en,English,"United States, United Kingdom, Canada, Australia, Global",/,emoji copy and paste,😍 Emoji Copy and Paste: Online iOS Emoji Keyboard 👍🔥,aesthetic-combos,aesthetic emoji combos,✨ Aesthetic Emoji Combos for Bio
en,English,"United States, United Kingdom, Canada, Australia, Global",/,emoji copy and paste,😍 Emoji Copy and Paste: Online iOS Emoji Keyboard 👍🔥,people-gestures,hand emojis and gestures,👋 Hand Gestures & Body Language Emojis
en,English,"United States, United Kingdom, Canada, Australia, Global",/,emoji copy and paste,😍 Emoji Copy and Paste: Online iOS Emoji Keyboard 👍🔥,people-roles,people emojis,🧑‍🤝‍🧑 People, Roles & Diverse Character Emojis
en,English,"United States, United Kingdom, Canada, Australia, Global",/,emoji copy and paste,😍 Emoji Copy and Paste: Online iOS Emoji Keyboard 👍🔥,animals-nature,animals and nature emojis,🐶 Animals and Nature Emojis
en,English,"United States, United Kingdom, Canada, Australia, Global",/,emoji copy and paste,😍 Emoji Copy and Paste: Online iOS Emoji Keyboard 👍🔥,food-drinks,food and drinks emojis,🍕 Food and Drinks Emojis
en,English,"United States, United Kingdom, Canada, Australia, Global",/,emoji copy and paste,😍 Emoji Copy and Paste: Online iOS Emoji Keyboard 👍🔥,travel-places,travel and places emojis,✈️ Travel and Places Emojis
en,English,"United States, United Kingdom, Canada, Australia, Global",/,emoji copy and paste,😍 Emoji Copy and Paste: Online iOS Emoji Keyboard 👍🔥,activities-sports,activities and sports emojis,⚽ Activities and Sports Emojis
en,English,"United States, United Kingdom, Canada, Australia, Global",/,emoji copy and paste,😍 Emoji Copy and Paste: Online iOS Emoji Keyboard 👍🔥,gaming-esports,gaming emojis for discord,🎮 Gaming & Discord Emojis
en,English,"United States, United Kingdom, Canada, Australia, Global",/,emoji copy and paste,😍 Emoji Copy and Paste: Online iOS Emoji Keyboard 👍🔥,objects-tech,objects and tools emojis,💻 Objects and Tools Emojis
en,English,"United States, United Kingdom, Canada, Australia, Global",/,emoji copy and paste,😍 Emoji Copy and Paste: Online iOS Emoji Keyboard 👍🔥,money-wealth,money emojis,💰 Money & Crypto Wealth Emojis
en,English,"United States, United Kingdom, Canada, Australia, Global",/,emoji copy and paste,😍 Emoji Copy and Paste: Online iOS Emoji Keyboard 👍🔥,symbols-zodiac,symbols and signs emojis,🏧 Symbols and Signs Emojis
en,English,"United States, United Kingdom, Canada, Australia, Global",/,emoji copy and paste,😍 Emoji Copy and Paste: Online iOS Emoji Keyboard 👍🔥,flags,flags emojis,🏁 Flags Emojis
en,English,"United States, United Kingdom, Canada, Australia, Global",/,emoji copy and paste,😍 Emoji Copy and Paste: Online iOS Emoji Keyboard 👍🔥,tone-light,light skin tone emojis,🏻 Light Skin Tone Emojis
en,English,"United States, United Kingdom, Canada, Australia, Global",/,emoji copy and paste,😍 Emoji Copy and Paste: Online iOS Emoji Keyboard 👍🔥,tone-medium-light,medium-light skin tone emojis,🏼 Medium-Light Skin Tone Emojis
en,English,"United States, United Kingdom, Canada, Australia, Global",/,emoji copy and paste,😍 Emoji Copy and Paste: Online iOS Emoji Keyboard 👍🔥,tone-medium,medium skin tone emojis,🏽 Medium Skin Tone Emojis
en,English,"United States, United Kingdom, Canada, Australia, Global",/,emoji copy and paste,😍 Emoji Copy and Paste: Online iOS Emoji Keyboard 👍🔥,tone-medium-dark,medium-dark skin tone emojis,🏾 Medium-Dark Skin Tone Emojis
en,English,"United States, United Kingdom, Canada, Australia, Global",/,emoji copy and paste,😍 Emoji Copy and Paste: Online iOS Emoji Keyboard 👍🔥,tone-dark,dark skin tone emojis,🏿 Dark Skin Tone Emojis
en,English,"United States, United Kingdom, Canada, Australia, Global",/,emoji copy and paste,😍 Emoji Copy and Paste: Online iOS Emoji Keyboard 👍🔥,tone-multiple,multiple skin tones emojis,👩🏻🤝👨🏾 Multiple Skin Tones Emojis
en,English,"United States, United Kingdom, Canada, Australia, Global",/,emoji copy and paste,😍 Emoji Copy and Paste: Online iOS Emoji Keyboard 👍🔥,gender-person,gender person emojis,🧒 Gender: Person Emojis
en,English,"United States, United Kingdom, Canada, Australia, Global",/,emoji copy and paste,😍 Emoji Copy and Paste: Online iOS Emoji Keyboard 👍🔥,gender-men,gender male emojis,👦 Gender: Male Emojis
en,English,"United States, United Kingdom, Canada, Australia, Global",/,emoji copy and paste,😍 Emoji Copy and Paste: Online iOS Emoji Keyboard 👍🔥,gender-women,gender female emojis,👧 Gender: Female Emojis
en,English,"United States, United Kingdom, Canada, Australia, Global",/,emoji copy and paste,😍 Emoji Copy and Paste: Online iOS Emoji Keyboard 👍🔥,faq-guide,how to copy emojis,🎊 Get Emoji Now! Copy and Paste iOS Emojis Instantly
es,Spanish,"Spain, Mexico, Colombia, Argentina, US Hispanic",/es/,emojis para copiar y pegar,😍 Emojis para Copiar y Pegar: Teclado de Emojis iPhone Online 👍🔥,search,buscar emojis,🔍 Buscar Emojis y Símbolos al Instante
es,Spanish,"Spain, Mexico, Colombia, Argentina, US Hispanic",/es/,emojis para copiar y pegar,😍 Emojis para Copiar y Pegar: Teclado de Emojis iPhone Online 👍🔥,popular,emojis mas usados,💯 Emojis Más Populares y Usados
es,Spanish,"Spain, Mexico, Colombia, Argentina, US Hispanic",/es/,emojis para copiar y pegar,😍 Emojis para Copiar y Pegar: Teclado de Emojis iPhone Online 👍🔥,smileys-emotions,caritas para copiar y pegar,😀 Caritas y Emoticones para Copiar y Pegar
es,Spanish,"Spain, Mexico, Colombia, Argentina, US Hispanic",/es/,emojis para copiar y pegar,😍 Emojis para Copiar y Pegar: Teclado de Emojis iPhone Online 👍🔥,hearts-love,emojis de corazones significados,❤️ Emojis de Corazones: Significados y Colores
es,Spanish,"Spain, Mexico, Colombia, Argentina, US Hispanic",/es/,emojis para copiar y pegar,😍 Emojis para Copiar y Pegar: Teclado de Emojis iPhone Online 👍🔥,aesthetic-combos,emojis aesthetic para copiar,✨ Emojis Aesthetic para Copiar y Pegar en Biografía
es,Spanish,"Spain, Mexico, Colombia, Argentina, US Hispanic",/es/,emojis para copiar y pegar,😍 Emojis para Copiar y Pegar: Teclado de Emojis iPhone Online 👍🔥,people-gestures,emojis de manos y gestos,👋 Emojis de Manos, Gestos y Lenguaje Corporal
es,Spanish,"Spain, Mexico, Colombia, Argentina, US Hispanic",/es/,emojis para copiar y pegar,😍 Emojis para Copiar y Pegar: Teclado de Emojis iPhone Online 👍🔥,people-roles,emojis de personas,🧑‍🤝‍🧑 Emojis de Personas, Profesiones y Familias
es,Spanish,"Spain, Mexico, Colombia, Argentina, US Hispanic",/es/,emojis para copiar y pegar,😍 Emojis para Copiar y Pegar: Teclado de Emojis iPhone Online 👍🔥,animals-nature,emojis de animales,🐶 Emojis de Animales y Naturaleza
es,Spanish,"Spain, Mexico, Colombia, Argentina, US Hispanic",/es/,emojis para copiar y pegar,😍 Emojis para Copiar y Pegar: Teclado de Emojis iPhone Online 👍🔥,food-drinks,emojis de comida,🍕 Emojis de Comida y Bebidas
es,Spanish,"Spain, Mexico, Colombia, Argentina, US Hispanic",/es/,emojis para copiar y pegar,😍 Emojis para Copiar y Pegar: Teclado de Emojis iPhone Online 👍🔥,travel-places,emojis de viajes,✈️ Emojis de Viajes y Lugares
es,Spanish,"Spain, Mexico, Colombia, Argentina, US Hispanic",/es/,emojis para copiar y pegar,😍 Emojis para Copiar y Pegar: Teclado de Emojis iPhone Online 👍🔥,activities-sports,emojis de deportes,⚽ Emojis de Deportes y Actividades
es,Spanish,"Spain, Mexico, Colombia, Argentina, US Hispanic",/es/,emojis para copiar y pegar,😍 Emojis para Copiar y Pegar: Teclado de Emojis iPhone Online 👍🔥,gaming-esports,emojis de videojuegos,🎮 Emojis de Videojuegos y Discord
es,Spanish,"Spain, Mexico, Colombia, Argentina, US Hispanic",/es/,emojis para copiar y pegar,😍 Emojis para Copiar y Pegar: Teclado de Emojis iPhone Online 👍🔥,objects-tech,emojis de objetos,💻 Emojis de Objetos y Herramientas
es,Spanish,"Spain, Mexico, Colombia, Argentina, US Hispanic",/es/,emojis para copiar y pegar,😍 Emojis para Copiar y Pegar: Teclado de Emojis iPhone Online 👍🔥,money-wealth,emojis de dinero,💰 Emojis de Dinero y Finanzas
es,Spanish,"Spain, Mexico, Colombia, Argentina, US Hispanic",/es/,emojis para copiar y pegar,😍 Emojis para Copiar y Pegar: Teclado de Emojis iPhone Online 👍🔥,symbols-zodiac,emojis de simbolos y signos,🏧 Emojis de Símbolos y Signos
es,Spanish,"Spain, Mexico, Colombia, Argentina, US Hispanic",/es/,emojis para copiar y pegar,😍 Emojis para Copiar y Pegar: Teclado de Emojis iPhone Online 👍🔥,flags,emojis de banderas,🏁 Emojis de Banderas de Países
es,Spanish,"Spain, Mexico, Colombia, Argentina, US Hispanic",/es/,emojis para copiar y pegar,😍 Emojis para Copiar y Pegar: Teclado de Emojis iPhone Online 👍🔥,tone-light,emojis tono de piel claro,🏻 Emojis con Tono de Piel Claro
es,Spanish,"Spain, Mexico, Colombia, Argentina, US Hispanic",/es/,emojis para copiar y pegar,😍 Emojis para Copiar y Pegar: Teclado de Emojis iPhone Online 👍🔥,tone-medium-light,emojis tono medio claro,🏼 Emojis con Tono de Piel Medio Claro
es,Spanish,"Spain, Mexico, Colombia, Argentina, US Hispanic",/es/,emojis para copiar y pegar,😍 Emojis para Copiar y Pegar: Teclado de Emojis iPhone Online 👍🔥,tone-medium,emojis tono medio,🏽 Emojis con Tono de Piel Medio
es,Spanish,"Spain, Mexico, Colombia, Argentina, US Hispanic",/es/,emojis para copiar y pegar,😍 Emojis para Copiar y Pegar: Teclado de Emojis iPhone Online 👍🔥,tone-medium-dark,emojis tono medio oscuro,🏾 Emojis con Tono de Piel Medio Oscuro
es,Spanish,"Spain, Mexico, Colombia, Argentina, US Hispanic",/es/,emojis para copiar y pegar,😍 Emojis para Copiar y Pegar: Teclado de Emojis iPhone Online 👍🔥,tone-dark,emojis tono oscuro,🏿 Emojis con Tono de Piel Oscuro
es,Spanish,"Spain, Mexico, Colombia, Argentina, US Hispanic",/es/,emojis para copiar y pegar,😍 Emojis para Copiar y Pegar: Teclado de Emojis iPhone Online 👍🔥,tone-multiple,emojis tonos mixtos,👩🏻🤝👨🏾 Emojis de Parejas con Tonos de Piel Mixtos
es,Spanish,"Spain, Mexico, Colombia, Argentina, US Hispanic",/es/,emojis para copiar y pegar,😍 Emojis para Copiar y Pegar: Teclado de Emojis iPhone Online 👍🔥,gender-person,emojis genero neutro,🧒 Emojis de Género Neutro
es,Spanish,"Spain, Mexico, Colombia, Argentina, US Hispanic",/es/,emojis para copiar y pegar,😍 Emojis para Copiar y Pegar: Teclado de Emojis iPhone Online 👍🔥,gender-men,emojis hombres,👦 Emojis de Hombres
es,Spanish,"Spain, Mexico, Colombia, Argentina, US Hispanic",/es/,emojis para copiar y pegar,😍 Emojis para Copiar y Pegar: Teclado de Emojis iPhone Online 👍🔥,gender-women,emojis mujeres,👧 Emojis de Mujeres
es,Spanish,"Spain, Mexico, Colombia, Argentina, US Hispanic",/es/,emojis para copiar y pegar,😍 Emojis para Copiar y Pegar: Teclado de Emojis iPhone Online 👍🔥,faq-guide,como copiar emojis iphone,🎊 Copiar Emojis de iPhone para WhatsApp e Instagram
pt,Portuguese,"Brazil, Portugal",/pt/,emojis para copiar e colar,😍 Emojis para Copiar e Colar: Teclado de Emojis Online 👍🔥,search,pesquisar emojis,🔍 Pesquisar Emojis Rapidamente
pt,Portuguese,"Brazil, Portugal",/pt/,emojis para copiar e colar,😍 Emojis para Copiar e Colar: Teclado de Emojis Online 👍🔥,popular,emojis mais usados,💯 Emojis Mais Usados e Populares
pt,Portuguese,"Brazil, Portugal",/pt/,emojis para copiar e colar,😍 Emojis para Copiar e Colar: Teclado de Emojis Online 👍🔥,smileys-emotions,carinhas para copiar e colar,😀 Carinhas para Copiar e Colar (Smileys e Emoções)
pt,Portuguese,"Brazil, Portugal",/pt/,emojis para copiar e colar,😍 Emojis para Copiar e Colar: Teclado de Emojis Online 👍🔥,hearts-love,emojis de coracao para copiar,❤️ Emojis de Coração para Copiar (Todos os Significados)
pt,Portuguese,"Brazil, Portugal",/pt/,emojis para copiar e colar,😍 Emojis para Copiar e Colar: Teclado de Emojis Online 👍🔥,aesthetic-combos,emojis aesthetic para copiar,✨ Emojis Aesthetic para Copiar na Bio do Instagram
pt,Portuguese,"Brazil, Portugal",/pt/,emojis para copiar e colar,😍 Emojis para Copiar e Colar: Teclado de Emojis Online 👍🔥,people-gestures,emojis de maos e gestos,👋 Emojis de Mãos e Gestos
pt,Portuguese,"Brazil, Portugal",/pt/,emojis para copiar e colar,😍 Emojis para Copiar e Colar: Teclado de Emojis Online 👍🔥,people-roles,emojis de pessoas,🧑‍🤝‍🧑 Emojis de Pessoas, Profissões e Famílias
pt,Portuguese,"Brazil, Portugal",/pt/,emojis para copiar e colar,😍 Emojis para Copiar e Colar: Teclado de Emojis Online 👍🔥,animals-nature,emojis de animais,🐶 Emojis de Animais e Natureza
pt,Portuguese,"Brazil, Portugal",/pt/,emojis para copiar e colar,😍 Emojis para Copiar e Colar: Teclado de Emojis Online 👍🔥,food-drinks,emojis de comida,🍕 Emojis de Comida e Bebidas
pt,Portuguese,"Brazil, Portugal",/pt/,emojis para copiar e colar,😍 Emojis para Copiar e Colar: Teclado de Emojis Online 👍🔥,travel-places,emojis de viagens,✈️ Emojis de Viagens e Lugares
pt,Portuguese,"Brazil, Portugal",/pt/,emojis para copiar e colar,😍 Emojis para Copiar e Colar: Teclado de Emojis Online 👍🔥,activities-sports,emojis de esportes,⚽ Emojis de Esportes e Atividades
pt,Portuguese,"Brazil, Portugal",/pt/,emojis para copiar e colar,😍 Emojis para Copiar e Colar: Teclado de Emojis Online 👍🔥,gaming-esports,emojis de games,🎮 Emojis de Games e Discord
pt,Portuguese,"Brazil, Portugal",/pt/,emojis para copiar e colar,😍 Emojis para Copiar e Colar: Teclado de Emojis Online 👍🔥,objects-tech,emojis de objetos,💻 Emojis de Objetos e Ferramentas
pt,Portuguese,"Brazil, Portugal",/pt/,emojis para copiar e colar,😍 Emojis para Copiar e Colar: Teclado de Emojis Online 👍🔥,money-wealth,emojis de dinheiro,💰 Emojis de Dinheiro e Riqueza
pt,Portuguese,"Brazil, Portugal",/pt/,emojis para copiar e colar,😍 Emojis para Copiar e Colar: Teclado de Emojis Online 👍🔥,symbols-zodiac,emojis de simbolos e sinais,🏧 Emojis de Símbolos e Sinais
pt,Portuguese,"Brazil, Portugal",/pt/,emojis para copiar e colar,😍 Emojis para Copiar e Colar: Teclado de Emojis Online 👍🔥,flags,emojis de bandeiras,🏁 Emojis de Bandeiras de Países
pt,Portuguese,"Brazil, Portugal",/pt/,emojis para copiar e colar,😍 Emojis para Copiar e Colar: Teclado de Emojis Online 👍🔥,tone-light,emojis tom de pele claro,🏻 Emojis com Tom de Pele Claro
pt,Portuguese,"Brazil, Portugal",/pt/,emojis para copiar e colar,😍 Emojis para Copiar e Colar: Teclado de Emojis Online 👍🔥,tone-medium-light,emojis tom medio claro,🏼 Emojis com Tom de Pele Médio-Claro
pt,Portuguese,"Brazil, Portugal",/pt/,emojis para copiar e colar,😍 Emojis para Copiar e Colar: Teclado de Emojis Online 👍🔥,tone-medium,emojis tom medio,🏽 Emojis com Tom de Pele Médio
pt,Portuguese,"Brazil, Portugal",/pt/,emojis para copiar e colar,😍 Emojis para Copiar e Colar: Teclado de Emojis Online 👍🔥,tone-medium-dark,emojis tom medio escuro,🏾 Emojis com Tom de Pele Médio-Escuro
pt,Portuguese,"Brazil, Portugal",/pt/,emojis para copiar e colar,😍 Emojis para Copiar e Colar: Teclado de Emojis Online 👍🔥,tone-dark,emojis tom escuro,🏿 Emojis com Tom de Pele Escuro
pt,Portuguese,"Brazil, Portugal",/pt/,emojis para copiar e colar,😍 Emojis para Copiar e Colar: Teclado de Emojis Online 👍🔥,tone-multiple,emojis varios tons de pele,👩🏻🤝👨🏾 Emojis de Casais com Vários Tons de Pele
pt,Portuguese,"Brazil, Portugal",/pt/,emojis para copiar e colar,😍 Emojis para Copiar e Colar: Teclado de Emojis Online 👍🔥,gender-person,emojis genero neutro,🧒 Emojis de Gênero Neutro
pt,Portuguese,"Brazil, Portugal",/pt/,emojis para copiar e colar,😍 Emojis para Copiar e Colar: Teclado de Emojis Online 👍🔥,gender-men,emojis homens,👦 Emojis de Homens
pt,Portuguese,"Brazil, Portugal",/pt/,emojis para copiar e colar,😍 Emojis para Copiar e Colar: Teclado de Emojis Online 👍🔥,gender-women,emojis mulheres,👧 Emojis de Mulheres
pt,Portuguese,"Brazil, Portugal",/pt/,emojis para copiar e colar,😍 Emojis para Copiar e Colar: Teclado de Emojis Online 👍🔥,faq-guide,como copiar emojis iphone,🎊 Como Copiar Emojis do iPhone para WhatsApp
de,German,"Germany, Austria, Switzerland",/de/,emojis zum kopieren,😍 Emojis zum Kopieren: Online Emoji Tastatur 👍🔥,search,emojis suchen,🔍 Emojis Suchen und Schnell Finden
de,German,"Germany, Austria, Switzerland",/de/,emojis zum kopieren,😍 Emojis zum Kopieren: Online Emoji Tastatur 👍🔥,popular,beliebteste emojis zum kopieren,💯 Beliebteste Emojis zum Kopieren
de,German,"Germany, Austria, Switzerland",/de/,emojis zum kopieren,😍 Emojis zum Kopieren: Online Emoji Tastatur 👍🔥,smileys-emotions,smileys zum kopieren,😀 Smileys zum Kopieren (Gesichter und Emotionen)
de,German,"Germany, Austria, Switzerland",/de/,emojis zum kopieren,😍 Emojis zum Kopieren: Online Emoji Tastatur 👍🔥,hearts-love,herz emojis zum kopieren bedeutung,❤️ Herz Emojis zum Kopieren: Bedeutungen aller Farben
de,German,"Germany, Austria, Switzerland",/de/,emojis zum kopieren,😍 Emojis zum Kopieren: Online Emoji Tastatur 👍🔥,aesthetic-combos,aesthetische emojis,✨ Ästhetische Emojis für Social Media Bios
de,German,"Germany, Austria, Switzerland",/de/,emojis zum kopieren,😍 Emojis zum Kopieren: Online Emoji Tastatur 👍🔥,people-gestures,hand emojis zum kopieren,👋 Hand Emojis und Gesten zum Kopieren
de,German,"Germany, Austria, Switzerland",/de/,emojis zum kopieren,😍 Emojis zum Kopieren: Online Emoji Tastatur 👍🔥,people-roles,menschen emojis,🧑‍🤝‍🧑 Menschen und Berufe Emojis
de,German,"Germany, Austria, Switzerland",/de/,emojis zum kopieren,😍 Emojis zum Kopieren: Online Emoji Tastatur 👍🔥,animals-nature,tiere emojis zum kopieren,🐶 Tiere und Natur Emojis
de,German,"Germany, Austria, Switzerland",/de/,emojis zum kopieren,😍 Emojis zum Kopieren: Online Emoji Tastatur 👍🔥,food-drinks,essen emojis zum kopieren,🍕 Essen und Trinken Emojis
de,German,"Germany, Austria, Switzerland",/de/,emojis zum kopieren,😍 Emojis zum Kopieren: Online Emoji Tastatur 👍🔥,travel-places,reisen emojis,✈️ Reisen und Orte Emojis
de,German,"Germany, Austria, Switzerland",/de/,emojis zum kopieren,😍 Emojis zum Kopieren: Online Emoji Tastatur 👍🔥,activities-sports,sport emojis,⚽ Sport und Aktivitäten Emojis
de,German,"Germany, Austria, Switzerland",/de/,emojis zum kopieren,😍 Emojis zum Kopieren: Online Emoji Tastatur 👍🔥,gaming-esports,gaming emojis discord,🎮 Gaming und Discord Emojis
de,German,"Germany, Austria, Switzerland",/de/,emojis zum kopieren,😍 Emojis zum Kopieren: Online Emoji Tastatur 👍🔥,objects-tech,objekte emojis,💻 Objekte und Werkzeuge Emojis
de,German,"Germany, Austria, Switzerland",/de/,emojis zum kopieren,😍 Emojis zum Kopieren: Online Emoji Tastatur 👍🔥,money-wealth,geld emojis,💰 Geld und Finanzen Emojis
de,German,"Germany, Austria, Switzerland",/de/,emojis zum kopieren,😍 Emojis zum Kopieren: Online Emoji Tastatur 👍🔥,symbols-zodiac,symbole und zeichen emojis,🏧 Symbole und Zeichen Emojis
de,German,"Germany, Austria, Switzerland",/de/,emojis zum kopieren,😍 Emojis zum Kopieren: Online Emoji Tastatur 👍🔥,flags,flaggen emojis,🏁 Flaggen Emojis aller Länder
de,German,"Germany, Austria, Switzerland",/de/,emojis zum kopieren,😍 Emojis zum Kopieren: Online Emoji Tastatur 👍🔥,tone-light,helle hautfarbe emojis,🏻 Helle Hautfarbe Emojis
de,German,"Germany, Austria, Switzerland",/de/,emojis zum kopieren,😍 Emojis zum Kopieren: Online Emoji Tastatur 👍🔥,tone-medium-light,mittelhelle hautfarbe emojis,🏼 Mittelhelle Hautfarbe Emojis
de,German,"Germany, Austria, Switzerland",/de/,emojis zum kopieren,😍 Emojis zum Kopieren: Online Emoji Tastatur 👍🔥,tone-medium,mittlere hautfarbe emojis,🏽 Mittlere Hautfarbe Emojis
de,German,"Germany, Austria, Switzerland",/de/,emojis zum kopieren,😍 Emojis zum Kopieren: Online Emoji Tastatur 👍🔥,tone-medium-dark,mitteldunkle hautfarbe emojis,🏾 Mitteldunkle Hautfarbe Emojis
de,German,"Germany, Austria, Switzerland",/de/,emojis zum kopieren,😍 Emojis zum Kopieren: Online Emoji Tastatur 👍🔥,tone-dark,dunkle hautfarbe emojis,🏿 Dunkle Hautfarbe Emojis
de,German,"Germany, Austria, Switzerland",/de/,emojis zum kopieren,😍 Emojis zum Kopieren: Online Emoji Tastatur 👍🔥,tone-multiple,verschiedene hautfarben emojis,👩🏻🤝👨🏾 Emojis mit Verschiedenen Hautfarben
de,German,"Germany, Austria, Switzerland",/de/,emojis zum kopieren,😍 Emojis zum Kopieren: Online Emoji Tastatur 👍🔥,gender-person,geschlechtsneutrale emojis,🧒 Geschlechtsneutrale Emojis
de,German,"Germany, Austria, Switzerland",/de/,emojis zum kopieren,😍 Emojis zum Kopieren: Online Emoji Tastatur 👍🔥,gender-men,maennliche emojis,👦 Männliche Emojis
de,German,"Germany, Austria, Switzerland",/de/,emojis zum kopieren,😍 Emojis zum Kopieren: Online Emoji Tastatur 👍🔥,gender-women,weibliche emojis,👧 Weibliche Emojis
de,German,"Germany, Austria, Switzerland",/de/,emojis zum kopieren,😍 Emojis zum Kopieren: Online Emoji Tastatur 👍🔥,faq-guide,iphone emojis kopieren und einfuegen,🎊 iPhone Emojis Kopieren und Einfügen auf PC & Handy
fr,French,"France, Canada, Belgium, Switzerland",/fr/,émojis copier coller,😍 Émojis Copier Coller: Clavier Émoji en Ligne 👍🔥,search,rechercher emoji,🔍 Rechercher un Émoji Rapidement
fr,French,"France, Canada, Belgium, Switzerland",/fr/,émojis copier coller,😍 Émojis Copier Coller: Clavier Émoji en Ligne 👍🔥,popular,emojis les plus populaires a copier,💯 Émojis les Plus Populaires à Copier
fr,French,"France, Canada, Belgium, Switzerland",/fr/,émojis copier coller,😍 Émojis Copier Coller: Clavier Émoji en Ligne 👍🔥,smileys-emotions,smileys et emoticones a copier coller,😀 Smileys et Émoticônes à Copier Coller
fr,French,"France, Canada, Belgium, Switzerland",/fr/,émojis copier coller,😍 Émojis Copier Coller: Clavier Émoji en Ligne 👍🔥,hearts-love,emojis coeur signification,❤️ Émojis Cœur: Signification de Toutes les Couleurs
fr,French,"France, Canada, Belgium, Switzerland",/fr/,émojis copier coller,😍 Émojis Copier Coller: Clavier Émoji en Ligne 👍🔥,aesthetic-combos,emojis aesthetic copier,✨ Combinaisons Émojis Aesthetic pour Bio
fr,French,"France, Canada, Belgium, Switzerland",/fr/,émojis copier coller,😍 Émojis Copier Coller: Clavier Émoji en Ligne 👍🔥,people-gestures,emojis mains et gestes,👋 Émojis Mains et Gestes
fr,French,"France, Canada, Belgium, Switzerland",/fr/,émojis copier coller,😍 Émojis Copier Coller: Clavier Émoji en Ligne 👍🔥,people-roles,emojis personnes et metiers,🧑‍🤝‍🧑 Émojis Personnes et Métiers
fr,French,"France, Canada, Belgium, Switzerland",/fr/,émojis copier coller,😍 Émojis Copier Coller: Clavier Émoji en Ligne 👍🔥,animals-nature,emojis animaux et nature,🐶 Émojis Animaux et Nature
fr,French,"France, Canada, Belgium, Switzerland",/fr/,émojis copier coller,😍 Émojis Copier Coller: Clavier Émoji en Ligne 👍🔥,food-drinks,emojis nourriture,🍕 Émojis Nourriture et Boissons
fr,French,"France, Canada, Belgium, Switzerland",/fr/,émojis copier coller,😍 Émojis Copier Coller: Clavier Émoji en Ligne 👍🔥,travel-places,emojis voyages,✈️ Émojis Voyages et Lieux
fr,French,"France, Canada, Belgium, Switzerland",/fr/,émojis copier coller,😍 Émojis Copier Coller: Clavier Émoji en Ligne 👍🔥,activities-sports,emojis sports,⚽ Émojis Sports et Activités
fr,French,"France, Canada, Belgium, Switzerland",/fr/,émojis copier coller,😍 Émojis Copier Coller: Clavier Émoji en Ligne 👍🔥,gaming-esports,emojis jeux video,🎮 Émojis Jeux Vidéo et Discord
fr,French,"France, Canada, Belgium, Switzerland",/fr/,émojis copier coller,😍 Émojis Copier Coller: Clavier Émoji en Ligne 👍🔥,objects-tech,emojis objets,💻 Émojis Objets et Outils
fr,French,"France, Canada, Belgium, Switzerland",/fr/,émojis copier coller,😍 Émojis Copier Coller: Clavier Émoji en Ligne 👍🔥,money-wealth,emojis argent,💰 Émojis Argent et Richesse
fr,French,"France, Canada, Belgium, Switzerland",/fr/,émojis copier coller,😍 Émojis Copier Coller: Clavier Émoji en Ligne 👍🔥,symbols-zodiac,emojis symboles et panneaux,🏧 Émojis Symboles et Panneaux
fr,French,"France, Canada, Belgium, Switzerland",/fr/,émojis copier coller,😍 Émojis Copier Coller: Clavier Émoji en Ligne 👍🔥,flags,emojis drapeaux du monde,🏁 Émojis Drapeaux du Monde
fr,French,"France, Canada, Belgium, Switzerland",/fr/,émojis copier coller,😍 Émojis Copier Coller: Clavier Émoji en Ligne 👍🔥,tone-light,emojis teint clair,🏻 Émojis Teint de Peau Clair
fr,French,"France, Canada, Belgium, Switzerland",/fr/,émojis copier coller,😍 Émojis Copier Coller: Clavier Émoji en Ligne 👍🔥,tone-medium-light,emojis teint moyen clair,🏼 Émojis Teint de Peau Moyen-Clair
fr,French,"France, Canada, Belgium, Switzerland",/fr/,émojis copier coller,😍 Émojis Copier Coller: Clavier Émoji en Ligne 👍🔥,tone-medium,emojis teint hale,🏽 Émojis Teint de Peau Hâlé
fr,French,"France, Canada, Belgium, Switzerland",/fr/,émojis copier coller,😍 Émojis Copier Coller: Clavier Émoji en Ligne 👍🔥,tone-medium-dark,emojis teint fonce,🏾 Émojis Teint de Peau Foncé
fr,French,"France, Canada, Belgium, Switzerland",/fr/,émojis copier coller,😍 Émojis Copier Coller: Clavier Émoji en Ligne 👍🔥,tone-dark,emojis teint noir,🏿 Émojis Teint de Peau Noir
fr,French,"France, Canada, Belgium, Switzerland",/fr/,émojis copier coller,😍 Émojis Copier Coller: Clavier Émoji en Ligne 👍🔥,tone-multiple,emojis couples multi-teintes,👩🏻🤝👨🏾 Émojis Couples Multi-Teintes
fr,French,"France, Canada, Belgium, Switzerland",/fr/,émojis copier coller,😍 Émojis Copier Coller: Clavier Émoji en Ligne 👍🔥,gender-person,emojis genre neutre,🧒 Émojis de Genre Neutre
fr,French,"France, Canada, Belgium, Switzerland",/fr/,émojis copier coller,😍 Émojis Copier Coller: Clavier Émoji en Ligne 👍🔥,gender-men,emojis hommes,👦 Émojis Hommes
fr,French,"France, Canada, Belgium, Switzerland",/fr/,émojis copier coller,😍 Émojis Copier Coller: Clavier Émoji en Ligne 👍🔥,gender-women,emojis femmes,👧 Émojis Femmes
fr,French,"France, Canada, Belgium, Switzerland",/fr/,émojis copier coller,😍 Émojis Copier Coller: Clavier Émoji en Ligne 👍🔥,faq-guide,comment copier coller emojis iphone,🎊 Comment Copier Coller les Émojis iPhone sur PC et WhatsApp
it,Italian,"Italy, Switzerland",/it/,emoji copia e incolla,😍 Emoji Copia e Incolla: Tastiera Emoji Online 👍🔥,search,cerca emoji,🔍 Cerca Emoji e Simboli Rapidamente
it,Italian,"Italy, Switzerland",/it/,emoji copia e incolla,😍 Emoji Copia e Incolla: Tastiera Emoji Online 👍🔥,popular,emoji piu popolari da copiare,💯 Emoji Più Popolari da Copiare
it,Italian,"Italy, Switzerland",/it/,emoji copia e incolla,😍 Emoji Copia e Incolla: Tastiera Emoji Online 👍🔥,smileys-emotions,faccine copia e incolla,😀 Faccine Copia e Incolla (Sorrisi ed Emozioni)
it,Italian,"Italy, Switzerland",/it/,emoji copia e incolla,😍 Emoji Copia e Incolla: Tastiera Emoji Online 👍🔥,hearts-love,emoji cuore significato colori,❤️ Emoji Cuore: Significati di Tutti i Colori
it,Italian,"Italy, Switzerland",/it/,emoji copia e incolla,😍 Emoji Copia e Incolla: Tastiera Emoji Online 👍🔥,aesthetic-combos,emoji aesthetic per bio,✨ Emoji Aesthetic per Bio Instagram e TikTok
it,Italian,"Italy, Switzerland",/it/,emoji copia e incolla,😍 Emoji Copia e Incolla: Tastiera Emoji Online 👍🔥,people-gestures,emoji mani e gesti,👋 Emoji Mani, Gesti e Linguaggio del Corpo
it,Italian,"Italy, Switzerland",/it/,emoji copia e incolla,😍 Emoji Copia e Incolla: Tastiera Emoji Online 👍🔥,people-roles,emoji persone e ruoli,🧑‍🤝‍🧑 Emoji Persone, Ruoli e Lavori
it,Italian,"Italy, Switzerland",/it/,emoji copia e incolla,😍 Emoji Copia e Incolla: Tastiera Emoji Online 👍🔥,animals-nature,emoji animali e natura,🐶 Emoji Animali e Natura
it,Italian,"Italy, Switzerland",/it/,emoji copia e incolla,😍 Emoji Copia e Incolla: Tastiera Emoji Online 👍🔥,food-drinks,emoji cibo e bevande,🍕 Emoji Cibo e Bevande
it,Italian,"Italy, Switzerland",/it/,emoji copia e incolla,😍 Emoji Copia e Incolla: Tastiera Emoji Online 👍🔥,travel-places,emoji viaggi e luoghi,✈️ Emoji Viaggi e Luoghi
it,Italian,"Italy, Switzerland",/it/,emoji copia e incolla,😍 Emoji Copia e Incolla: Tastiera Emoji Online 👍🔥,activities-sports,emoji sport,⚽ Emoji Sport e Attività
it,Italian,"Italy, Switzerland",/it/,emoji copia e incolla,😍 Emoji Copia e Incolla: Tastiera Emoji Online 👍🔥,gaming-esports,emoji gaming discord,🎮 Emoji Gaming e Discord
it,Italian,"Italy, Switzerland",/it/,emoji copia e incolla,😍 Emoji Copia e Incolla: Tastiera Emoji Online 👍🔥,objects-tech,emoji oggetti,💻 Emoji Oggetti e Strumenti
it,Italian,"Italy, Switzerland",/it/,emoji copia e incolla,😍 Emoji Copia e Incolla: Tastiera Emoji Online 👍🔥,money-wealth,emoji soldi,💰 Emoji Soldi e Finanza
it,Italian,"Italy, Switzerland",/it/,emoji copia e incolla,😍 Emoji Copia e Incolla: Tastiera Emoji Online 👍🔥,symbols-zodiac,emoji simboli e segni,🏧 Emoji Simboli e Segni
it,Italian,"Italy, Switzerland",/it/,emoji copia e incolla,😍 Emoji Copia e Incolla: Tastiera Emoji Online 👍🔥,flags,emoji bandiere di tutti i paesi,🏁 Emoji Bandiere di Tutti i Paesi
it,Italian,"Italy, Switzerland",/it/,emoji copia e incolla,😍 Emoji Copia e Incolla: Tastiera Emoji Online 👍🔥,tone-light,emoji pelle chiara,🏻 Emoji Tonalità di Pelle Chiara
it,Italian,"Italy, Switzerland",/it/,emoji copia e incolla,😍 Emoji Copia e Incolla: Tastiera Emoji Online 👍🔥,tone-medium-light,emoji pelle medio chiara,🏼 Emoji Tonalità di Pelle Medio-Chiara
it,Italian,"Italy, Switzerland",/it/,emoji copia e incolla,😍 Emoji Copia e Incolla: Tastiera Emoji Online 👍🔥,tone-medium,emoji pelle media,🏽 Emoji Tonalità di Pelle Media
it,Italian,"Italy, Switzerland",/it/,emoji copia e incolla,😍 Emoji Copia e Incolla: Tastiera Emoji Online 👍🔥,tone-medium-dark,emoji pelle medio scura,🏾 Emoji Tonalità di Pelle Medio-Scura
it,Italian,"Italy, Switzerland",/it/,emoji copia e incolla,😍 Emoji Copia e Incolla: Tastiera Emoji Online 👍🔥,tone-dark,emoji pelle scura,🏿 Emoji Tonalità di Pelle Scura
it,Italian,"Italy, Switzerland",/it/,emoji copia e incolla,😍 Emoji Copia e Incolla: Tastiera Emoji Online 👍🔥,tone-multiple,emoji coppie tonalita miste,👩🏻🤝👨🏾 Emoji Coppie con Tonalità di Pelle Miste
it,Italian,"Italy, Switzerland",/it/,emoji copia e incolla,😍 Emoji Copia e Incolla: Tastiera Emoji Online 👍🔥,gender-person,emoji genere neutro,🧒 Emoji Persona Genere Neutro
it,Italian,"Italy, Switzerland",/it/,emoji copia e incolla,😍 Emoji Copia e Incolla: Tastiera Emoji Online 👍🔥,gender-men,emoji uomo,👦 Emoji Uomo
it,Italian,"Italy, Switzerland",/it/,emoji copia e incolla,😍 Emoji Copia e Incolla: Tastiera Emoji Online 👍🔥,gender-women,emoji donna,👧 Emoji Donna
it,Italian,"Italy, Switzerland",/it/,emoji copia e incolla,😍 Emoji Copia e Incolla: Tastiera Emoji Online 👍🔥,faq-guide,come copiare emoji iphone,🎊 Come Copiare le Emoji iPhone su WhatsApp e Computer
id,Indonesian,"Indonesia, Malaysia",/id/,salin emoji,😍 Salin Emoji iPhone: Keyboard Emoticon WA Online 👍🔥,search,cari emoji,🔍 Cari Emoji dan Simbol Cepat
id,Indonesian,"Indonesia, Malaysia",/id/,salin emoji,😍 Salin Emoji iPhone: Keyboard Emoticon WA Online 👍🔥,popular,emoji paling populer di wa,💯 Emoji Paling Populer & Viral di WA
id,Indonesian,"Indonesia, Malaysia",/id/,salin emoji,😍 Salin Emoji iPhone: Keyboard Emoticon WA Online 👍🔥,smileys-emotions,emoticon wajah dan senyum,😀 Emoticon Wajah Lucu dan Ekspresi (Smileys)
id,Indonesian,"Indonesia, Malaysia",/id/,salin emoji,😍 Salin Emoji iPhone: Keyboard Emoticon WA Online 👍🔥,hearts-love,arti emoticon hati semua warna,❤️ Arti Emoticon Hati: Semua Warna dan Simbol Cinta
id,Indonesian,"Indonesia, Malaysia",/id/,salin emoji,😍 Salin Emoji iPhone: Keyboard Emoticon WA Online 👍🔥,aesthetic-combos,kombinasi emoji aesthetic bio ig,✨ Kombinasi Emoji Aesthetic untuk Bio IG dan TikTok
id,Indonesian,"Indonesia, Malaysia",/id/,salin emoji,😍 Salin Emoji iPhone: Keyboard Emoticon WA Online 👍🔥,people-gestures,emoji tangan dan gestur,👋 Emoji Tangan, Gestur dan Bahasa Tubuh
id,Indonesian,"Indonesia, Malaysia",/id/,salin emoji,😍 Salin Emoji iPhone: Keyboard Emoticon WA Online 👍🔥,people-roles,emoji orang dan profesi,🧑‍🤝‍🧑 Emoji Orang, Karakter dan Profesi
id,Indonesian,"Indonesia, Malaysia",/id/,salin emoji,😍 Salin Emoji iPhone: Keyboard Emoticon WA Online 👍🔥,animals-nature,emoji hewan dan tumbuhan,🐶 Emoji Hewan Lucu dan Tumbuhan
id,Indonesian,"Indonesia, Malaysia",/id/,salin emoji,😍 Salin Emoji iPhone: Keyboard Emoticon WA Online 👍🔥,food-drinks,emoji makanan dan minuman,🍕 Emoji Makanan Lezat dan Minuman
id,Indonesian,"Indonesia, Malaysia",/id/,salin emoji,😍 Salin Emoji iPhone: Keyboard Emoticon WA Online 👍🔥,travel-places,emoji wisata dan transportasi,✈️ Emoji Perjalanan, Wisata dan Transportasi
id,Indonesian,"Indonesia, Malaysia",/id/,salin emoji,😍 Salin Emoji iPhone: Keyboard Emoticon WA Online 👍🔥,activities-sports,emoji olahraga,⚽ Emoji Olahraga dan Aktivitas
id,Indonesian,"Indonesia, Malaysia",/id/,salin emoji,😍 Salin Emoji iPhone: Keyboard Emoticon WA Online 👍🔥,gaming-esports,emoji game dan discord,🎮 Emoji Game dan Discord
id,Indonesian,"Indonesia, Malaysia",/id/,salin emoji,😍 Salin Emoji iPhone: Keyboard Emoticon WA Online 👍🔥,objects-tech,emoji hp dan gadget,💻 Emoji HP, Gadget dan Benda Sehari-hari
id,Indonesian,"Indonesia, Malaysia",/id/,salin emoji,😍 Salin Emoji iPhone: Keyboard Emoticon WA Online 👍🔥,money-wealth,emoji uang cuan,💰 Emoji Uang, Cuan dan Keberuntungan
id,Indonesian,"Indonesia, Malaysia",/id/,salin emoji,😍 Salin Emoji iPhone: Keyboard Emoticon WA Online 👍🔥,symbols-zodiac,emoji simbol dan zodiak,🏧 Emoji Simbol, Tanda dan Zodiak
id,Indonesian,"Indonesia, Malaysia",/id/,salin emoji,😍 Salin Emoji iPhone: Keyboard Emoticon WA Online 👍🔥,flags,emoji bendera negara lengkap,🏁 Emoji Bendera Negara Lengkap
id,Indonesian,"Indonesia, Malaysia",/id/,salin emoji,😍 Salin Emoji iPhone: Keyboard Emoticon WA Online 👍🔥,tone-light,emoji kulit putih cerah,🏻 Emoji Warna Kulit Putih Cerah
id,Indonesian,"Indonesia, Malaysia",/id/,salin emoji,😍 Salin Emoji iPhone: Keyboard Emoticon WA Online 👍🔥,tone-medium-light,emoji kulit kuning langsat,🏼 Emoji Warna Kulit Kuning Langsat
id,Indonesian,"Indonesia, Malaysia",/id/,salin emoji,😍 Salin Emoji iPhone: Keyboard Emoticon WA Online 👍🔥,tone-medium,emoji kulit sawo matang,🏽 Emoji Warna Kulit Sawo Matang
id,Indonesian,"Indonesia, Malaysia",/id/,salin emoji,😍 Salin Emoji iPhone: Keyboard Emoticon WA Online 👍🔥,tone-medium-dark,emoji kulit cokelat,🏾 Emoji Warna Kulit Cokelat Eksotis
id,Indonesian,"Indonesia, Malaysia",/id/,salin emoji,😍 Salin Emoji iPhone: Keyboard Emoticon WA Online 👍🔥,tone-dark,emoji kulit gelap,🏿 Emoji Warna Kulit Gelap
id,Indonesian,"Indonesia, Malaysia",/id/,salin emoji,😍 Salin Emoji iPhone: Keyboard Emoticon WA Online 👍🔥,tone-multiple,emoji pasangan beragam kulit,👩🏻🤝👨🏾 Emoji Pasangan Beragam Warna Kulit
id,Indonesian,"Indonesia, Malaysia",/id/,salin emoji,😍 Salin Emoji iPhone: Keyboard Emoticon WA Online 👍🔥,gender-person,emoji netral gender,🧒 Emoji Orang Netral Gender
id,Indonesian,"Indonesia, Malaysia",/id/,salin emoji,😍 Salin Emoji iPhone: Keyboard Emoticon WA Online 👍🔥,gender-men,emoji laki laki,👦 Emoji Laki-laki
id,Indonesian,"Indonesia, Malaysia",/id/,salin emoji,😍 Salin Emoji iPhone: Keyboard Emoticon WA Online 👍🔥,gender-women,emoji perempuan,👧 Emoji Perempuan
id,Indonesian,"Indonesia, Malaysia",/id/,salin emoji,😍 Salin Emoji iPhone: Keyboard Emoticon WA Online 👍🔥,faq-guide,cara salin emoji iphone ke wa,🎊 Cara Salin Emoji iPhone ke HP Android & WhatsApp
ja,Japanese,Japan,/ja/,絵文字 コピペ,😍 絵文字 コピペ: iPhone絵文字キーボード オンライン 👍🔥,search,絵文字 検索,🔍 絵文字＆特殊文字の高速検索
ja,Japanese,Japan,/ja/,絵文字 コピペ,😍 絵文字 コピペ: iPhone絵文字キーボード オンライン 👍🔥,popular,人気 絵文字 コピペ,💯 人気絵文字・トレンド絵文字一覧
ja,Japanese,Japan,/ja/,絵文字 コピペ,😍 絵文字 コピペ: iPhone絵文字キーボード オンライン 👍🔥,smileys-emotions,顔文字 絵文字 コピペ,😀 顔文字・表情の絵文字 コピペ (スマイリー)
ja,Japanese,Japan,/ja/,絵文字 コピペ,😍 絵文字 コピペ: iPhone絵文字キーボード オンライン 👍🔥,hearts-love,ハート 絵文字 意味 コピペ,❤️ ハート絵文字 コピペ: 色ごとの意味一覧
ja,Japanese,Japan,/ja/,絵文字 コピペ,😍 絵文字 コピペ: iPhone絵文字キーボード オンライン 👍🔥,aesthetic-combos,インスタ 特殊絵文字 かわいい,✨ インスタ用かわいい特殊絵文字・プロフィール装飾
ja,Japanese,Japan,/ja/,絵文字 コピペ,😍 絵文字 コピペ: iPhone絵文字キーボード オンライン 👍🔥,people-gestures,手 ジェスチャー 絵文字,👋 手・ハンドジェスチャーの絵文字
ja,Japanese,Japan,/ja/,絵文字 コピペ,😍 絵文字 コピペ: iPhone絵文字キーボード オンライン 👍🔥,people-roles,人物 職業 絵文字,🧑‍🤝‍🧑 人物・職業・キャラクターの絵文字
ja,Japanese,Japan,/ja/,絵文字 コピペ,😍 絵文字 コピペ: iPhone絵文字キーボード オンライン 👍🔥,animals-nature,動物 植物 絵文字,🐶 かわいい動物・ペット・植物の絵文字
ja,Japanese,Japan,/ja/,絵文字 コピペ,😍 絵文字 コピペ: iPhone絵文字キーボード オンライン 👍🔥,food-drinks,食べ物 カフェ 絵文字,🍕 食べ物・カフェ・スイーツの絵文字
ja,Japanese,Japan,/ja/,絵文字 コピペ,😍 絵文字 コピペ: iPhone絵文字キーボード オンライン 👍🔥,travel-places,旅行 観光地 絵文字,✈️ 旅行・乗り物・観光地の絵文字
ja,Japanese,Japan,/ja/,絵文字 コピペ,😍 絵文字 コピペ: iPhone絵文字キーボード オンライン 👍🔥,activities-sports,スポーツ 絵文字,⚽ スポーツ・運動・トロフィーの絵文字
ja,Japanese,Japan,/ja/,絵文字 コピペ,😍 絵文字 コピペ: iPhone絵文字キーボード オンライン 👍🔥,gaming-esports,ゲーム discord 絵文字,🎮 ゲーム・コントローラー・Discord絵文字
ja,Japanese,Japan,/ja/,絵文字 コピペ,😍 絵文字 コピペ: iPhone絵文字キーボード オンライン 👍🔥,objects-tech,スマホ パソコン 絵文字,💻 スマホ・パソコン・身の回りの道具絵文字
ja,Japanese,Japan,/ja/,絵文字 コピペ,😍 絵文字 コピペ: iPhone絵文字キーボード オンライン 👍🔥,money-wealth,お金 絵文字,💰 お金・金運・株価チャートの絵文字
ja,Japanese,Japan,/ja/,絵文字 コピペ,😍 絵文字 コピペ: iPhone絵文字キーボード オンライン 👍🔥,symbols-zodiac,記号 マーク 星座 絵文字,🏧 記号・マーク・星座の絵文字
ja,Japanese,Japan,/ja/,絵文字 コピペ,😍 絵文字 コピペ: iPhone絵文字キーボード オンライン 👍🔥,flags,国旗 絵文字 一覧,🏁 世界各国の国旗絵文字一覧
ja,Japanese,Japan,/ja/,絵文字 コピペ,😍 絵文字 コピペ: iPhone絵文字キーボード オンライン 👍🔥,tone-light,明るい肌色 絵文字,🏻 明るい肌色の絵文字 (スキンカラー 1-2)
ja,Japanese,Japan,/ja/,絵文字 コピペ,😍 絵文字 コピペ: iPhone絵文字キーボード オンライン 👍🔥,tone-medium-light,やや明るい肌色 絵文字,🏼 やや明るい肌色の絵文字 (スキンカラー 3)
ja,Japanese,Japan,/ja/,絵文字 コピペ,😍 絵文字 コピペ: iPhone絵文字キーボード オンライン 👍🔥,tone-medium,中間の肌色 絵文字,🏽 中間の肌色の絵文字 (スキンカラー 4)
ja,Japanese,Japan,/ja/,絵文字 コピペ,😍 絵文字 コピペ: iPhone絵文字キーボード オンライン 👍🔥,tone-medium-dark,やや濃い肌色 絵文字,🏾 やや濃い肌色の絵文字 (スキンカラー 5)
ja,Japanese,Japan,/ja/,絵文字 コピペ,😍 絵文字 コピペ: iPhone絵文字キーボード オンライン 👍🔥,tone-dark,濃い肌色 絵文字,🏿 濃い肌色の絵文字 (スキンカラー 6)
ja,Japanese,Japan,/ja/,絵文字 コピペ,😍 絵文字 コピペ: iPhone絵文字キーボード オンライン 👍🔥,tone-multiple,多様な肌色 カップル 絵文字,👩🏻🤝👨🏾 多様な肌色のカップル絵文字
ja,Japanese,Japan,/ja/,絵文字 コピペ,😍 絵文字 コピペ: iPhone絵文字キーボード オンライン 👍🔥,gender-person,ジェンダーニュートラル 絵文字,🧒 ジェンダーニュートラルな人物絵文字
ja,Japanese,Japan,/ja/,絵文字 コピペ,😍 絵文字 コピペ: iPhone絵文字キーボード オンライン 👍🔥,gender-men,男性 絵文字,👦 男性の人物絵文字
ja,Japanese,Japan,/ja/,絵文字 コピペ,😍 絵文字 コピペ: iPhone絵文字キーボード オンライン 👍🔥,gender-women,女性 絵文字,👧 女性の人物絵文字
ja,Japanese,Japan,/ja/,絵文字 コピペ,😍 絵文字 コピペ: iPhone絵文字キーボード オンライン 👍🔥,faq-guide,絵文字 コピペ やり方 iphone,🎊 iPhone絵文字をPCやLINEでコピペする方法
